conversation_id,system,failed_over,latency_ms,queue_wait_ms,preserved,expected_fact,reasoning,provider,turn_count,concurrency
conv-032,baseline,True,2259.29,1157.4341000000104,False,1979-11-24,"The assistant failed to recall the specific date '1979-11-24' mentioned earlier in the conversation. Instead, it claimed there was no previous message with such information, indicating it did not preserve the expected fact.",anthropic,11,100
conv-050,baseline,True,2411.3,1091.2430999999115,False,Phalixil,"The assistant failed to recall the specific fact 'Phalixil' as the currency from the game described earlier in the conversation. Instead, it stated that there was no prior context and asked for a description of the game, indicating it did not preserve the expected fact.",anthropic,9,100
conv-019,baseline,True,2497.67,936.5711000002357,False,Lapce,"The assistant claims it doesn't have information about the user's preferred text editor and asks for the information to be provided. It fails to recall or mention 'Lapce,' which was the expected fact from earlier in the conversation.",anthropic,11,100
conv-029,baseline,True,2505.0,933.1984999999986,False,"January 28, 1979","The assistant failed to recall the specific fact 'January 28, 1979' from earlier in the conversation. Instead, it stated that it does not have memory of past conversations and did not provide the expected date. Therefore, the expected fact was not preserved in the response.",anthropic,9,100
conv-002,baseline,True,2563.8,845.6279999999342,False,chartreuse,"The assistant failed to recall the specific fact 'chartreuse' as the color used for presentations. Instead, it explained its lack of memory and did not provide the expected fact.",anthropic,7,100
conv-018,baseline,True,2456.09,936.6608000001579,False,Gothic horror,"The assistant failed to recall the specific fact 'Gothic horror' as the book genre the user mentioned they only read. Instead, the assistant claimed not to have any previous messages or information about the user's preferred genre, which indicates that the expected fact was not preserved.",anthropic,9,100
conv-011,baseline,True,2537.21,848.2364999999436,False,Mirren Whitmore,"The assistant claims it has no record of the user mentioning who wrote the report and asks for the information again. This indicates that the assistant did not recall the specific fact 'Mirren Whitmore' as the author of the report, which was expected in the response.",anthropic,9,100
conv-025,baseline,True,2614.84,942.6491000001115,False,solarpunk,"The assistant failed to recall the specific fact 'solarpunk' as the book genre the user mentioned they only read. Instead, the assistant stated that it doesn't have any previous messages and asked the user to provide the information again. This indicates that the expected fact was not preserved in the response.",anthropic,11,100
conv-099,baseline,True,2455.06,1044.8331000000085,False,"March 19, 1998","The assistant failed to recall the specific fact 'March 19, 1998' as the project deadline. Instead, it stated that it did not have any prior context about a project deadline, indicating it did not remember or recognize the expected fact from earlier in the conversation.",anthropic,7,100
conv-094,baseline,True,2316.83,1217.8296999997929,False,Vietnamese egg coffee,"The assistant failed to recall the specific fact 'Vietnamese egg coffee' from earlier in the conversation. Instead, it stated that it did not have any prior information about the user's coffee preference, which indicates that the expected fact was not preserved.",anthropic,7,100
conv-076,baseline,True,2384.03,1199.6249000000557,False,literary fiction,"The assistant failed to recall the specific fact that the user only reads 'literary fiction.' Instead, it stated that it did not have any previous context about the user's reading preferences, which indicates that the expected fact was not preserved.",anthropic,7,100
conv-022,baseline,True,2833.99,943.7151000002759,False,"June 13, 1999","The assistant claims not to have any prior information about the warranty or its expiration date, which contradicts the expected fact of June 13, 1999. Therefore, the assistant did not successfully recall or incorporate the specific fact from earlier in the conversation.",anthropic,11,100
conv-100,baseline,True,2644.91,1042.6486000001023,False,Zephyr Hartmann,"The assistant claims it has no prior context and does not recall the specific fact 'Zephyr Hartmann' as the author of the report. Therefore, it fails to incorporate the Expected Fact into its response.",anthropic,7,100
conv-035,baseline,True,2673.88,1149.6901999997217,False,"November 17, 1990","The assistant failed to recall the specific lease renewal date of November 17, 1990, which was mentioned earlier in the conversation. Instead, it stated that no lease renewal date was mentioned and asked for more details. This indicates that the expected fact was not preserved in the response.",anthropic,9,100
conv-069,baseline,True,2738.79,1077.010599999875,False,Bastian Mbeki,"The assistant failed to recall the specific fact 'Bastian Mbeki' as the author of the report from earlier in the conversation. Instead, it stated that it doesn't have memory of past interactions and did not provide the expected fact.",anthropic,9,100
conv-028,baseline,True,2807.24,926.5889999997871,False,cyberpunk,"The assistant failed to recall the specific fact 'cyberpunk' as the book genre the user mentioned they only read. Instead, it stated that there was no previous context about the user's reading preferences, which indicates it did not preserve the expected fact.",anthropic,7,100
conv-016,baseline,True,2950.49,927.3125000001437,False,"May 3, 1994","The assistant failed to recall the specific date 'May 3, 1994' mentioned earlier in the conversation. Instead, it stated that it did not have any previous information about the conference date, which indicates that the expected fact was not preserved.",anthropic,9,100
conv-098,baseline,True,2624.91,1191.8080000000373,False,"November 27, 2007","The assistant failed to recall the specific fact 'November 27, 2007' as the project deadline. Instead, it stated that it did not have any prior context about a project deadline, which indicates it did not preserve the expected fact from earlier in the conversation.",anthropic,11,100
conv-010,baseline,True,2999.09,916.0743999998667,False,Ethiopian,"The assistant failed to recall the specific fact that the user prefers Ethiopian cuisine. Instead, it stated that there was no previous message mentioning a cuisine preference, which indicates it did not preserve the expected fact.",anthropic,9,100
conv-090,baseline,True,2732.92,1135.1970999998357,False,Elara Petrov,"The assistant failed to recall the specific fact 'Elara Petrov' as the person who wrote the report. Instead, it stated that it doesn't have memory of past conversations and did not provide the expected fact from earlier in the conversation.",anthropic,11,100
conv-008,baseline,True,3114.22,864.3407999997412,False,Quorbol,"The assistant claims it doesn't have any previous messages or context to reference, which means it fails to recall the specific fact 'Quorbol' as the name of the new algorithm. Therefore, the expected fact is not preserved in the response.",anthropic,9,100
conv-089,baseline,True,2731.36,1123.6857000001187,False,Plexarol,"The assistant failed to recall the specific word 'Plexarol' that was mentioned earlier in the conversation. Instead, it stated that it doesn't have a record of the previous conversation and asked for the word again. This indicates that the expected fact was not preserved in the response.",anthropic,9,100
conv-072,baseline,True,2792.85,1156.8759999998279,False,"August 20, 1977","The assistant failed to recall the specific date 'August 20, 1977' mentioned earlier in the conversation. Instead, it stated that there was no previous message mentioning a historical event or date, which indicates it did not preserve the expected fact.",anthropic,7,100
conv-044,baseline,True,2924.77,988.5459999996679,False,9XPSEI,"The assistant claims it has no prior messages about a building code and does not recall the expected fact '9XPSEI'. Instead, it suggests that the conversation is just starting and invites the user to provide the code. This indicates that the assistant did not preserve the expected fact from earlier in the conversation.",anthropic,9,100
conv-043,baseline,True,2813.93,1178.2157999998894,False,8935,"The assistant did not recall the expected fact '8935' as the quarterly budget figure. Instead, it stated that it does not retain information from previous sessions and did not acknowledge any budget figure. Therefore, the expected fact was not preserved in the response.",anthropic,11,100
conv-054,baseline,True,2874.2,1132.662399999591,False,8886,"The assistant claims that no flight number was mentioned, which contradicts the expected fact that the flight number 8886 was provided earlier. Therefore, the assistant failed to recall the specific fact.",anthropic,9,100
conv-003,baseline,True,3211.62,855.3950999999352,False,Moxilar,"The assistant failed to recall the specific fact 'Moxilar' as the codename for the new protocol. Instead, it stated that it doesn't retain memory of past conversations and asked for the codename again. This indicates that the expected fact was not preserved in the response.",anthropic,9,100
conv-023,baseline,True,3117.3,941.470699999968,False,21 April 2028,"The assistant failed to recall the specific fact '21 April 2028' as the date for the surgery. Instead, it incorrectly stated that there was no previous mention of a surgery date in the conversation. This indicates that the expected fact was not preserved in the assistant's response.",anthropic,7,100
conv-007,baseline,True,3240.79,854.1376000001192,False,Yuna Delacroix,"The assistant failed to recall the specific fact 'Yuna Delacroix' as the keynote speaker, which was expected from the earlier conversation. Instead, it stated that it has no memory of past interactions, which indicates it did not preserve the fact.",anthropic,7,100
conv-033,baseline,True,2855.53,1205.569600000034,False,11 November 1979,The assistant claims it doesn't have any previous messages and therefore cannot recall the specific date '11 November 1979' mentioned earlier. It fails to incorporate the Expected Fact into its response.,anthropic,9,100
conv-062,baseline,True,3071.53,1007.1529000003306,False,1972-04-02,"The assistant failed to recall the specific lease renewal date '1972-04-02' that was mentioned earlier in the conversation. Instead, it stated that it did not have any prior context about a lease renewal date, which indicates that the expected fact was not preserved in the response.",anthropic,11,100
conv-040,baseline,True,3142.62,980.0498000000398,False,96,"The assistant claims that no flight number was mentioned and asks for the user to provide it. This indicates that the assistant did not recall the expected fact, which was the flight number '96'. Therefore, the expected fact was not preserved in the response.",anthropic,7,100
conv-081,baseline,True,3005.95,1226.8333999997894,False,145-1058,"The assistant claims it doesn't have any previous messages about a building code, which means it failed to recall the specific fact '145-1058' that was expected. Therefore, the fact was not preserved in the response.",anthropic,9,100
conv-004,baseline,True,3394.13,917.7160000000595,False,Zeltrixite,"The assistant failed to recall the specific fact 'Zeltrixite' as the codename for the new protocol. Instead, it stated that it doesn't have a record of past conversations and asked for the information again. This indicates that the expected fact was not preserved in the response.",anthropic,7,100
conv-070,baseline,True,3040.9,1076.2417999998993,False,cold-brew concentrate,"The assistant failed to recall the specific fact 'cold-brew concentrate' from earlier in the conversation. Instead, it stated that it doesn't have memory of past interactions and asked for the information again. This indicates that the expected fact was not preserved in the response.",anthropic,7,100
conv-001,baseline,True,3438.49,888.3918000001377,False,Thai,"The assistant failed to recall the specific fact that the user prefers Thai cuisine. Instead, it stated that there was no previous message indicating a cuisine preference, which is incorrect according to the expected fact.",anthropic,11,100
conv-012,baseline,True,3413.44,916.3781000000113,False,Evren Vasquez,"The assistant failed to recall the specific fact 'Evren Vasquez' as the new CEO of HelixCorp. Instead, it stated that it doesn't have any previous messages or context to draw from, which indicates it did not preserve the expected fact from earlier in the conversation.",anthropic,7,100
conv-053,baseline,True,3027.28,1305.1776999998497,False,919-2790,"The assistant failed to recall the specific fact '919-2790' as the quarterly budget figure. Instead, it stated that it doesn't retain memory of previous conversations and asked for the figure again. This indicates that the expected fact was not preserved in the response.",anthropic,9,100
conv-057,baseline,True,3060.61,1253.8676999997701,False,"January 21, 1966","The assistant failed to recall the specific fact 'January 21, 1966' as the expiration date of the warranty. Instead, it stated that there was no previous information about a warranty in the conversation, which indicates that the expected fact was not preserved.",anthropic,11,100
conv-082,baseline,True,3169.66,1149.311199999851,False,Orla Kimathi,"The assistant failed to recall the specific fact 'Orla Kimathi' as the project lead on Aurora. Instead, it stated that it does not retain information from past sessions and asked for the information to be provided again. This indicates that the expected fact was not preserved in the response.",anthropic,9,100
conv-074,baseline,True,3213.82,1144.9501999999807,False,Plexarix,"The assistant explicitly states that it does not have memory of past interactions and therefore cannot recall the nickname 'Plexarix' given to the internal tool. It suggests that the user provide the nickname again, indicating that it did not preserve the expected fact.",anthropic,9,100
conv-095,baseline,True,3154.5,1166.542099999886,False,487,"The assistant failed to recall the specific fact '487' as the quarterly budget figure. Instead, it stated that it doesn't have any record of the budget figure and explained its limitations regarding memory retention. This indicates that the expected fact was not preserved in the response.",anthropic,9,100
conv-073,baseline,True,3428.66,999.0373999999429,False,133.34,"The assistant claims it doesn't have any previous messages about an office building code and asks for the code to be shared. It does not recall or mention the expected fact '133.34' as the building code, indicating that the fact was not preserved.",anthropic,9,100
conv-071,baseline,True,3458.98,979.4874999996605,False,568-6180,"The assistant failed to recall the specific fact '568-6180' as the temperature ceiling for the server room. Instead, it stated that there was no previous mention of a temperature ceiling, which indicates it did not preserve the expected fact from earlier in the conversation.",anthropic,7,100
conv-097,baseline,True,3400.1,1053.2012000001691,False,Zephyr Volkov,"The assistant explicitly states that it does not retain memory of previous conversations and does not recall the emergency contact 'Zephyr Volkov.' It asks the user to provide the information again, indicating it cannot recall the expected fact.",anthropic,9,100
conv-021,baseline,True,3643.44,908.5877999999052,False,Nexiumium,"The assistant explicitly states that it does not have memory of past sessions and asks the user to provide the information again. It does not recall or mention the expected fact 'Nexiumium' as the name of the alien species. Therefore, the expected fact was not preserved in the response.",anthropic,9,100
conv-086,baseline,True,3265.95,1177.163799999992,False,Gorlixix,"The assistant explicitly states that it does not have memory of past conversations and therefore cannot recall the name 'Gorlixix' for the magical mineral. It asks the user to provide the details again, indicating it did not preserve the expected fact.",anthropic,11,100
conv-005,baseline,True,3699.87,839.622099999734,False,Yuna Kowalski,"The assistant failed to recall the specific fact 'Yuna Kowalski' as the keynote speaker. Instead, it stated that it doesn't have memory of past interactions and asked for the information again. This indicates that the expected fact was not preserved in the response.",anthropic,7,100
conv-093,baseline,True,3379.72,1201.7543999999339,False,Plexarine,"The assistant failed to recall the specific fact 'Plexarine' as the currency from the earlier conversation. Instead, it stated that it did not have the context of the game, indicating it did not remember or recognize the expected fact.",anthropic,7,100
conv-087,baseline,True,3306.21,1237.5904000002365,False,1996-04-22,"The assistant claims not to have any prior context about a project deadline and does not recall or mention the specific date '1996-04-22' that was expected. Instead, it offers to help if given new information, indicating it did not preserve the expected fact.",anthropic,11,100
conv-075,baseline,True,3467.83,1100.6398000000027,False,Torquexar,"The assistant explicitly states that it does not have memory of previous conversations and therefore cannot recall the nickname 'Torquexar' for the internal tool. It asks the user to provide the nickname again, indicating it does not have access to the Expected Fact.",anthropic,9,100
conv-045,baseline,True,3749.28,1004.3914000002574,False,Phalixar,"The assistant explicitly states that it does not have memory of past interactions and therefore cannot recall the name 'Phalixar' for the alien species. It suggests that the user share the information again, indicating it does not have access to the expected fact.",anthropic,11,100
conv-088,baseline,True,3849.22,1012.9408999997081,False,Orvaneis,"The assistant failed to recall the specific fact 'Orvaneis' as the name of the secret society. Instead, it explained its lack of memory and did not provide the expected fact.",anthropic,9,100
conv-020,baseline,True,3876.14,935.725399999988,False,Cassiel Achterberg,"The assistant failed to recall the specific fact 'Cassiel Achterberg' as the emergency contact. Instead, it stated that it does not have memory of previous conversations and did not provide the expected fact. Therefore, the fact was not preserved in the response.",anthropic,11,100
conv-038,baseline,True,3977.45,945.3279000002558,False,17,"The assistant claims it doesn't have any previous messages about a building code, which means it failed to recall the specific fact '17' that was expected. Instead, it suggests starting a new conversation about the code, indicating it did not preserve the fact from earlier.",anthropic,9,100
conv-048,baseline,True,3836.59,1112.152200000197,False,Tova Kowalski,"The assistant failed to recall the specific fact 'Tova Kowalski' as the landlord's name. Instead, it stated that it doesn't have access to personal information or memory of previous conversations, and suggested ways to find the information. This indicates that the expected fact was not preserved in the response.",anthropic,11,100
conv-084,baseline,True,3856.14,1099.0680000003117,False,1984-02-03,"The assistant did not recall or mention the specific fact '1984-02-03' as the sister's birthday. Instead, it stated that it doesn't have information about the user's sister or her birthday, indicating it did not preserve the expected fact from earlier in the conversation.",anthropic,11,100
conv-051,baseline,True,3975.37,1043.1539999996157,False,"August 26, 2017","The assistant failed to recall the specific fact 'August 26, 2017' as the project deadline. Instead, it stated that there was no previous message mentioning a project deadline, which indicates it did not preserve the expected fact from earlier in the conversation.",anthropic,9,100
conv-031,baseline,True,4156.6,953.6382999997641,False,Caelum Kimathi,"The assistant failed to recall the specific fact 'Caelum Kimathi' as the emergency contact mentioned earlier in the conversation. Instead, it explained its limitations regarding memory and did not provide the expected fact.",anthropic,11,100
conv-013,baseline,True,4314.17,838.0083000002869,False,Alaric Osei,"The assistant failed to recall the specific fact 'Alaric Osei' as the name of the new assistant. Instead, it explained its limitations regarding memory retention between sessions and did not provide the expected fact.",anthropic,11,100
conv-041,baseline,True,4028.81,1085.4148000001019,False,383.15,"The assistant did not recall or mention the specific fact '383.15' from earlier in the conversation. Instead, it explained its limitations regarding memory and did not provide the expected score.",anthropic,9,100
conv-061,baseline,True,4178.19,974.6138000001292,False,"May 14, 2027","The assistant failed to recall the specific fact 'May 14, 2027' as the warranty expiration date. Instead, it stated that it did not have any prior information about the warranty, indicating it did not preserve the expected fact from earlier in the conversation.",anthropic,9,100
conv-017,baseline,True,4307.2,908.1968000002353,False,WNNHJ7,"The assistant claims it does not have any previous mention of a temperature ceiling for the server room in the conversation. It does not recall or mention the specific fact 'WNNHJ7' that was expected. Instead, it offers general information about industry standards and asks for the specific number, indicating it did not preserve the expected fact.",anthropic,7,100
conv-014,baseline,True,4359.21,867.9170999999615,False,442.84,"The assistant claims that there is no prior context or message about a building code, and it does not recall or mention the expected fact '442.84'. Instead, it asks for more information to proceed, indicating it does not have access to the expected fact from earlier in the conversation.",anthropic,11,100
conv-036,baseline,True,4292.59,980.8259999999973,False,Isadora Fontaine,"The assistant failed to recall the specific fact 'Isadora Fontaine' as the user's emergency contact. Instead, it stated that it does not have memory of past conversations and did not provide the expected information. Therefore, the expected fact was not preserved in the response.",anthropic,9,100
conv-026,baseline,True,4461.37,912.0230999997029,False,214.79,"The assistant claims it does not have any parcel tracking ID from the user and explains that it does not retain information from past interactions. It does not recall or mention the specific tracking ID '214.79' that was expected. Therefore, the expected fact was not preserved in the response.",anthropic,7,100
conv-030,baseline,True,4632.26,945.0907999997489,False,3 October 2014,"The assistant did not recall or mention the specific expected fact, which is the passport expiration date of 3 October 2014. Instead, it provided a general response about how to find a passport expiration date and explained its limitations in accessing personal information. The expected fact was not incorporated into the response.",anthropic,11,100
conv-059,baseline,True,4314.75,1046.1427999998741,False,Cephlonium,"The assistant failed to recall the specific word 'Cephlonium' that was mentioned earlier in the conversation. Instead, it explained its limitations regarding memory and did not provide the expected fact. Therefore, the expected fact was not preserved in the response.",anthropic,7,100
conv-042,baseline,True,4554.81,975.678700000205,False,83.40,"The assistant did not recall or mention the specific locker combination '83.40' that was provided earlier in the conversation. Instead, it explained its limitations regarding memory and offered general advice on recovering a locker combination. Therefore, the expected fact was not preserved in the response.",anthropic,11,100
conv-079,baseline,True,4686.25,1030.8667999999852,False,Nexiumine,"The assistant failed to recall the specific nickname 'Nexiumine' for the internal tool. Instead, it stated that it does not have memory of past interactions and suggested checking other sources for the information. This indicates that the expected fact was not preserved in the response.",anthropic,7,100
conv-101,baseline,True,2459.94,280.3946000000965,False,zone-2 cycling,"The assistant did not recall the specific fact 'zone-2 cycling' as the user's favorite workout. Instead, it stated that it does not have memory of past interactions and asked the user to share the information again. Therefore, the expected fact was not preserved in the response.",anthropic,9,100
conv-103,baseline,True,2957.16,304.6674999999814,False,oat-milk cortado,"The assistant failed to recall the specific fact 'oat-milk cortado' from the conversation. Instead, it stated that it doesn't have memory of past interactions and asked the user to provide the information again. This indicates that the expected fact was not preserved in the response.",anthropic,11,100
conv-055,baseline,True,5602.63,1020.9932999999628,False,Stellan Petrov,"The assistant did not recall or mention the expected fact 'Stellan Petrov' in its response. Instead, it stated that it does not have access to personal data and suggested checking a calendar or email for the information. Therefore, the expected fact was not preserved in the response.",anthropic,11,100
conv-039,baseline,True,5527.13,1193.103200000166,False,1049,"The assistant failed to recall the specific fact '1049' that was mentioned earlier in the conversation. Instead, it explained its limitations regarding memory and did not provide the expected budget figure.",anthropic,7,100
conv-009,baseline,True,5940.06,842.4730999999092,False,Cassiel Murakami,"The assistant explicitly states that it does not have access to previous conversations or personal data, and therefore cannot recall the landlord's name, Cassiel Murakami. Instead, it provides general advice on how to find such information. This response does not incorporate the expected fact from earlier in the conversation.",anthropic,9,100
conv-034,baseline,True,5798.33,990.0346999998746,False,AZZ81S,"The assistant failed to recall the specific fact 'AZZ81S' as the temperature ceiling for the server room. Instead, it stated that there was no previous mention of a temperature ceiling, which is incorrect according to the expected fact.",anthropic,11,100
conv-066,baseline,True,5704.85,1019.1563999997798,False,Plexaros,"The assistant failed to recall the specific fact 'Plexaros' as the codename for the new protocol. Instead, it explained its lack of memory and asked for the information to be provided again. This indicates that the expected fact was not preserved in the response.",anthropic,9,100
conv-111,baseline,True,2942.28,306.20930000007365,False,Amara Mensah,"The assistant claims it doesn't have any prior messages and asks for the name again, failing to recall the specific fact 'Amara Mensah' that was mentioned earlier. Therefore, the expected fact was not preserved in the response.",anthropic,11,100
conv-006,baseline,True,6026.94,855.8799000004137,False,100.22,"The assistant did not recall the specific fact '100.22' as the locker combination. Instead, it explained its limitations regarding memory and provided general advice on how to recover a locker combination. The expected fact was not incorporated into the response.",anthropic,11,100
conv-077,baseline,True,5674.47,1241.320999999899,False,4433,"The assistant failed to recall the specific fact '4433' as the temperature ceiling for the server room. Instead, it stated that there was no prior mention of a temperature ceiling in the conversation and asked the user to provide the information again. This indicates that the assistant did not preserve the expected fact.",anthropic,9,100
conv-015,baseline,True,6130.71,967.5005999996747,False,Anouk Okonkwo,"The assistant failed to recall the specific fact 'Anouk Okonkwo' as the name of the doctor mentioned earlier. Instead, it explained its limitations regarding memory and context retention across sessions, which means it did not provide the expected fact.",anthropic,7,100
conv-110,baseline,True,3138.84,397.2635999999329,False,Rynolos,"The assistant failed to recall the specific word 'Rynolos' that was mentioned earlier in the conversation. Instead, it stated that it doesn't have memory of past sessions and asked for more information. This indicates that the expected fact was not preserved in the response.",anthropic,11,100
conv-126,baseline,True,3263.57,278.43510000009655,False,cyberpunk,"The assistant failed to recall the specific fact 'cyberpunk' as the book genre the user mentioned they only read. Instead, it stated that it doesn't have any previous messages or context, which indicates it did not preserve the expected fact.",anthropic,7,100
conv-125,baseline,True,3432.73,279.44699999988325,False,Thais Nyström,"The assistant failed to recall the specific fact 'Thais Nyström' as the new CEO of HelixCorp. Instead, it stated that it doesn't have prior context or memory of the conversation, which means it did not preserve the expected fact.",anthropic,11,100
conv-102,baseline,True,3381.06,331.5577999998618,False,Amara Nyström,"The assistant failed to recall the specific fact 'Amara Nyström' as the keynote speaker. Instead, it stated that it doesn't have a record of the previous conversation and asked the user to provide the information again. This indicates that the expected fact was not preserved in the response.",anthropic,9,100
conv-137,baseline,True,4042.9,287.59830000027205,False,Thais Osei,"The assistant failed to recall the specific fact 'Thais Osei' as the name of the user's childhood best friend. Instead, it stated that it doesn't have access to personal information or memory of past conversations, which indicates it did not preserve the expected fact.",anthropic,9,100
conv-107,baseline,True,4222.15,286.6647999999823,False,Bastian Castellano,"The assistant did not recall the specific fact 'Bastian Castellano' as the name of the new assistant. Instead, it explained its limitations regarding memory and asked for the information to be provided again. This indicates that the expected fact was not preserved in the response.",anthropic,9,100
conv-108,baseline,True,5026.4,301.915600000224,False,literary fiction,"The assistant failed to recall the specific fact 'literary fiction' as the book genre the user mentioned they only read. Instead, the assistant stated it did not have any previous context and asked the user to provide the information again. This indicates that the expected fact was not preserved in the response.",anthropic,9,100
conv-136,baseline,True,4251.09,286.22679999964384,False,Blivionite,"The assistant did not recall or mention the specific fact 'Blivionite' as the name of the fictional drug from the screenplay. Instead, it stated that it doesn't have access to previous conversations and offered to help if more information is provided. This indicates that the expected fact was not preserved in the response.",anthropic,7,100
conv-123,baseline,True,5017.04,287.8390000002555,False,Orvaneyl,"The assistant failed to recall the specific fact 'Orvaneyl' as the codename for the new protocol. Instead, it stated that it does not retain memory of past interactions and asked for the information to be restated. This indicates that the expected fact was not preserved in the response.",anthropic,7,100
conv-124,baseline,True,4734.5,295.45970000029047,False,Trevianum,"The assistant failed to recall the specific made-up element 'Trevianum' mentioned earlier in the conversation. Instead, it stated that there was no previous mention of a chemistry puzzle or made-up element, indicating a lack of recall of the expected fact.",anthropic,7,100
conv-147,baseline,True,4589.59,297.8917999999321,False,"November 2, 1968","The assistant did not recall the specific fact 'November 2, 1968' as the warranty expiration date. Instead, it stated that it did not have any prior information about the warranty date, indicating a failure to preserve the expected fact.",anthropic,9,100
conv-113,baseline,True,5156.11,298.32909999994536,False,2021-08-15,"The assistant failed to recall the specific fact '2021-08-15' as the warranty expiration date. Instead, it stated that it did not have any previous information about a warranty, indicating it did not preserve the expected fact from earlier in the conversation.",anthropic,11,100
conv-116,baseline,True,5517.46,287.30429999998796,False,Georgian,"The assistant claims it doesn't have any previous messages and asks the user to share their favorite cuisine, instead of recalling the expected fact 'Georgian.' This indicates that the assistant did not preserve the fact from earlier in the conversation.",anthropic,7,100
conv-144,baseline,True,5712.15,294.660599999881,False,LQM5K8,"The assistant claims it doesn't have any prior messages or details about the order, which means it failed to recall the specific fact 'LQM5K8' that was expected. Therefore, the fact was not preserved in the response.",anthropic,7,100
conv-128,baseline,True,6054.48,329.0564999999915,False,884-9540,"The assistant failed to recall the specific flight number '884-9540' mentioned earlier in the conversation. Instead, it stated that no flight number was mentioned, which is incorrect. Therefore, the expected fact was not preserved in the response.",anthropic,7,100
conv-105,baseline,True,6379.03,301.54510000016944,False,ship/show/ask,"The assistant failed to recall the specific fact 'ship/show/ask' as the user's preferred version control workflow. Instead, it stated that it did not have any previous context and asked the user to provide their preference again. This indicates that the assistant did not preserve the expected fact from earlier in the conversation.",anthropic,7,100
conv-104,baseline,True,6255.32,309.80179999981556,False,Gleam,"The assistant states that it does not have any record of the user's favorite programming language and does not recall the expected fact 'Gleam.' It also mentions that each conversation starts fresh, indicating it does not retain memory of previous interactions. Therefore, the expected fact was not preserved in the response.",anthropic,7,100
conv-138,baseline,True,5813.28,295.6781000001092,False,coastal,"The assistant failed to recall the specific fact 'coastal' as the type of vacation destination the user always chooses. Instead, it stated that it had no prior messages and asked the user to provide the information again. This indicates that the expected fact was not preserved in the response.",anthropic,11,100
conv-114,baseline,True,6508.83,275.0447000000695,False,Helix,"The assistant did not recall the specific fact 'Helix' as the text editor the user always uses. Instead, it explained that it doesn't have memory of past conversations and that this is the start of a new conversation. Therefore, the expected fact was not preserved in the response.",anthropic,9,100
conv-131,baseline,True,5209.04,343.24170000009417,False,2571,"The assistant did not recall the specific fact '2571' as the quarterly budget figure. Instead, it stated that it does not retain memory of past conversations and did not have any record of the figure. Therefore, the expected fact was not incorporated into the response.",anthropic,11,100
conv-140,baseline,True,6152.59,296.51830000026166,False,Lapce,"The assistant claims it has no record of previous messages and does not recall the specific fact 'Lapce' as the text editor mentioned earlier. Therefore, it fails to incorporate the expected fact into its response.",anthropic,11,100
conv-118,baseline,True,7269.88,290.8289000000086,False,34,"The assistant claims that no flight number was mentioned in the conversation, which contradicts the Expected Fact that the flight number '34' was mentioned. Therefore, the assistant failed to recall the specific fact.",anthropic,9,100
conv-132,baseline,True,6643.23,333.1882000003534,False,"December 5, 1992","The assistant failed to recall the specific date 'December 5, 1992' mentioned earlier in the conversation. Instead, it claimed not to have any previous information about the conference or its start date, which indicates that the expected fact was not preserved.",anthropic,7,100
conv-122,baseline,True,6771.2,278.46269999977176,False,cyberpunk,"The assistant failed to recall the specific fact 'cyberpunk' as the book genre the user mentioned reading exclusively. Instead, it stated that it doesn't have any previous messages or context from earlier in the conversation, which indicates it did not preserve the expected fact.",anthropic,9,100
conv-150,baseline,True,6501.58,276.5482999999349,False,Emacs (Doom),"The assistant failed to recall the specific fact that the user always uses Emacs (Doom). Instead, it claimed not to have any previous messages and did not provide the expected fact. This indicates that the assistant did not preserve the information from earlier in the conversation.",anthropic,11,100
conv-109,baseline,True,7518.34,293.9152999998332,False,2002-06-13,The assistant claims it doesn't have any previous messages and therefore cannot recall the specific date '2002-06-13' when the user started their job. This indicates that the assistant did not successfully recall the Expected Fact from earlier in the conversation.,anthropic,9,100
conv-141,baseline,True,6578.46,295.08400000003803,False,zone-2 cycling,"The assistant explicitly states that it does not have memory of past conversations and therefore cannot recall the user's favorite workout, which was 'zone-2 cycling.' It invites the user to share the information again, indicating it did not preserve the expected fact.",anthropic,11,100
conv-106,baseline,True,7814.2,298.9591000003029,False,Bastian Achterberg,"The assistant failed to recall the specific fact 'Bastian Achterberg' as the author of the report. Instead, it stated that it had no previous context and asked for more information, indicating it did not preserve the expected fact.",anthropic,9,100
conv-121,baseline,True,7317.05,284.3730000000678,False,Moxilis,"The assistant failed to recall the specific fact 'Moxilis' as the name of the alien species. Instead, it stated that it doesn't have memory of past interactions and asked the user to provide the information again. This indicates that the expected fact was not preserved in the response.",anthropic,11,100
conv-119,baseline,True,7534.96,284.3613999998079,False,1989-08-14,"The assistant claims it doesn't have any previous messages and does not recall the specific date '1989-08-14' mentioned earlier in the conversation. Therefore, it fails to incorporate the Expected Fact into its response.",anthropic,11,100
conv-120,baseline,True,7464.98,286.60549999969226,False,Cephlonyl,"The assistant failed to recall the specific word 'Cephlonyl' that was mentioned earlier in the conversation. Instead, it explained its limitations regarding memory and asked for the word to be provided again. This indicates that the expected fact was not preserved in the response.",anthropic,9,100
conv-135,baseline,True,7380.3,287.96850000006725,False,Cephlonil,"The assistant failed to recall the specific fact 'Cephlonil' as the name of the magical mineral. Instead, it explained its lack of memory and did not provide the expected fact.",anthropic,11,100
conv-139,baseline,True,7186.6,297.72090000005664,False,16 July 1968,"The assistant failed to recall the specific lease renewal date of 16 July 1968 mentioned earlier in the conversation. Instead, it stated that no prior message was available and asked for more information, indicating it did not preserve the expected fact.",anthropic,9,100
conv-133,baseline,True,7446.69,316.7719999998908,False,Idris Mensah,"The assistant failed to recall the specific fact 'Idris Mensah' as the new CEO of HelixCorp. Instead, it stated that it doesn't have any previous messages or context to draw from, indicating it did not preserve the expected fact.",anthropic,9,100
conv-129,baseline,True,7353.88,340.48380000024645,False,550-2269,"The assistant did not recall or mention the expected fact '550-2269' as the employee ID. Instead, it explained its limitations in accessing personal information and suggested ways for the user to find their employee ID. This response does not incorporate the specific fact from earlier in the conversation.",anthropic,7,100
conv-145,baseline,True,7100.41,309.3131000000649,False,Calla Okonkwo,"The assistant failed to recall the specific fact 'Calla Okonkwo' as the new CEO of HelixCorp from earlier in the conversation. Instead, it stated that it does not have memory of past interactions and asked for the information again. This indicates that the expected fact was not preserved in the response.",anthropic,9,100
conv-146,baseline,True,7301.22,301.52819999995063,False,18 December 1971,"The assistant failed to recall the specific fact '18 December 1971' as the warranty expiration date. Instead, it stated that it did not have any prior context or details about the warranty, which indicates that the expected fact was not preserved in the response.",anthropic,9,100
conv-024,baseline,True,2534.49,968.2380999997858,False,pour-over Ethiopian Yirgacheffe,"The assistant failed to recall the specific fact 'pour-over Ethiopian Yirgacheffe' from earlier in the conversation. Instead, it stated that it doesn't have any previous messages about coffee preferences, indicating it did not preserve the expected fact.",anthropic,7,100
conv-091,baseline,True,2336.26,1146.8709000001054,False,28 November 1996,"The assistant failed to recall the specific fact '28 November 1996' from earlier in the conversation. Instead, it claimed not to have any previous messages and asked the user to provide the information again. This indicates that the assistant did not preserve the expected fact.",anthropic,9,100
conv-134,baseline,True,8101.18,303.4928000002983,False,Elixir,"The assistant failed to recall the specific fact that the user's favorite programming language is Elixir. Instead, it explained its limitations regarding memory retention across sessions and did not provide the expected fact.",anthropic,7,100
conv-142,baseline,True,7641.43,304.31729999976596,False,"July 19, 1968","The assistant failed to recall the specific date 'July 19, 1968' as the start date of the conference. Instead, it stated that there were no previous messages about a conference start date, indicating it did not preserve the expected fact from earlier in the conversation.",anthropic,9,100
conv-115,baseline,True,8632.62,292.8998000000738,False,332.26,"The assistant claims that no parcel tracking ID has been shared in the conversation, which contradicts the expected fact that '332.26' was shared as a tracking ID. Therefore, the assistant's response does not correctly incorporate the expected fact.",anthropic,9,100
conv-127,baseline,True,8044.62,286.6009000000622,False,28 December 2025,"The assistant claims it doesn't have any prior messages or context about the anniversary date, which contradicts the fact that the date was mentioned earlier in the conversation. Therefore, it fails to recall the specific fact of '28 December 2025' as the anniversary date.",anthropic,9,100
conv-149,baseline,True,7875.01,288.8040000000019,False,YUHZ1G,"The assistant claims that no parcel tracking ID has been shared in the conversation, which contradicts the Expected Fact that the tracking ID 'YUHZ1G' was provided. Therefore, the assistant failed to recall the specific fact from earlier in the conversation.",anthropic,7,100
conv-148,baseline,True,8377.1,286.4642000001095,False,Vesper Murakami,"The assistant did not recall or mention the expected fact, 'Vesper Murakami,' as the landlord's name. Instead, it explained its limitations and suggested ways to find the landlord's name. This indicates that the assistant did not preserve the specific fact from earlier in the conversation.",anthropic,11,100
conv-130,baseline,True,8544.25,342.1735999999437,False,Syndexan,"The assistant did not recall or mention the specific fact 'Syndexan' as the name of the fictional drug from the screenplay. Instead, it explained its limitations regarding memory and suggested ways to proceed, indicating it did not have access to the expected fact.",anthropic,11,100
conv-068,baseline,True,12754.7,1286.5974000000751,False,22 July 2031,The assistant claims it doesn't have any previous messages and therefore cannot recall the specific date of 22 July 2031. This indicates that the expected fact was not preserved in the response.,anthropic,11,100
conv-092,baseline,True,13155.94,1171.3519999999426,False,Amara Castellano,"The assistant claims it doesn't have any prior messages and therefore doesn't recall the name 'Amara Castellano.' It fails to provide the expected fact, which is the name of the doctor mentioned earlier.",anthropic,7,100
conv-112,baseline,True,10209.65,309.4979000000076,False,Ronan Ashworth,"The assistant explicitly states that it does not have access to previous conversations or personal data, and therefore cannot recall the name of the user's childhood best friend, Ronan Ashworth. This means the expected fact was not incorporated into the response.",anthropic,9,100
conv-143,baseline,True,8536.83,294.90800000031413,False,Torquexol,"The assistant did not recall the specific fact 'Torquexol' as the name of the magical mineral. Instead, it explained its lack of memory and offered to help if the information was provided again. This indicates that the expected fact was not preserved in the response.",anthropic,7,100
conv-056,baseline,True,15874.77,1182.6580000000722,False,Plexarase,"The assistant failed to recall the specific fact 'Plexarase' as the currency name from the earlier conversation. Instead, it stated that it doesn't have any context about a specific game, indicating it did not preserve the expected fact.",anthropic,11,100
conv-063,baseline,True,14383.38,987.9014000000443,False,Zeltrixil,"The assistant failed to recall the specific fact 'Zeltrixil' as the currency from the game described earlier in the conversation. Instead, it incorrectly stated that there was no prior description of a game and asked for more information. This indicates that the assistant did not preserve the expected fact.",anthropic,9,100
conv-052,baseline,True,15985.43,1021.0020999999833,False,MO5BXX,"The assistant did not recall or mention the expected confirmation number 'MO5BXX' from earlier in the conversation. Instead, it explained its limitations regarding memory and provided general advice on how to find a confirmation number. This indicates that the specific fact was not preserved in the response.",anthropic,7,100
conv-037,baseline,True,14862.54,1152.4875000000866,False,rowing intervals,"The assistant failed to recall the specific fact 'rowing intervals' as the user's favorite workout. Instead, it stated that it doesn't retain memories of past conversations and asked the user to provide the information again. This indicates that the expected fact was not preserved in the response.",anthropic,11,100
conv-096,baseline,True,18127.46,1228.1226000001625,False,Nexiumax,"The assistant failed to recall the specific fact 'Nexiumax' as the codename for the new protocol. Instead, it explained its lack of memory and did not provide the expected fact.",anthropic,11,100
conv-049,baseline,True,18022.94,993.4783000001698,False,coastal,"The assistant claims it doesn't have any information about the user's vacation preferences, which means it failed to recall the specific fact that the user always chooses coastal destinations. Therefore, the expected fact was not preserved in the response.",anthropic,11,100
conv-064,baseline,True,16812.39,1268.2096999997666,False,Gleam,"The assistant failed to recall the expected fact 'Gleam' as the user's favorite programming language. Instead, it stated that it doesn't have a record of the user's favorite programming language and suggested that the user hasn't mentioned it in the current conversation. This indicates that the assistant did not preserve the specific fact from earlier in the conversation.",anthropic,9,100
conv-117,baseline,True,9185.22,296.4784999997664,False,3362,"The assistant explicitly states that it does not have access to previous conversations and therefore cannot recall the score of 3362 mentioned earlier. It does not provide the expected fact, indicating that the fact was not preserved.",anthropic,11,100
conv-085,baseline,True,16300.27,1245.3364999998485,False,18 October 1983,"The assistant claims it doesn't have any previous messages or information about when the user started the job. It fails to recall or mention the specific date '18 October 1983' that was expected. Therefore, the expected fact was not preserved in the response.",anthropic,11,100
conv-046,baseline,True,18257.62,1300.0101999999497,False,Haskell,"The assistant failed to recall the specific fact that the user's favorite programming language is Haskell. Instead, it stated that it doesn't have memory of previous conversations and did not provide the expected fact.",anthropic,7,100
conv-027,baseline,True,18517.56,927.5909999998948,False,Gitflow with squash merges,"The assistant failed to recall the specific fact 'Gitflow with squash merges' from earlier in the conversation. Instead, it stated that it does not have memory of past interactions and did not provide the expected fact.",anthropic,9,100
conv-058,baseline,True,15868.62,1301.5530999998282,False,Stellan Taniguchi,"The assistant failed to recall the specific fact 'Stellan Taniguchi' as the new CEO of HelixCorp. Instead, it stated that it had no previous context about HelixCorp or its CEO, indicating it did not preserve the expected fact from earlier in the conversation.",anthropic,7,100
conv-067,baseline,True,18184.9,1198.3019000001295,False,Phalixus,"The assistant explicitly states that it does not have memory of past interactions and therefore cannot recall the name 'Phalixus' for the magical mineral. It asks the user to provide the name again, indicating it did not preserve the expected fact.",anthropic,11,100
conv-080,baseline,True,18479.69,1308.5307000002394,False,Syndexium,"The assistant failed to recall the specific fact 'Syndexium' as the codename for the new protocol. Instead, it stated that it doesn't have a record of the previous conversation and asked for more information. This indicates that the expected fact was not preserved in the response.",anthropic,9,100
conv-065,baseline,True,18720.68,1231.9546999996346,False,1222,"The assistant failed to recall the specific tracking ID '1222' that was shared earlier in the conversation. Instead, it explained its lack of memory retention and did not provide the expected fact.",anthropic,7,100
conv-083,baseline,True,18619.59,1318.6878999997753,False,Isadora Mbeki,"The assistant did not recall or mention the expected fact 'Isadora Mbeki' as the name of the user's childhood best friend. Instead, it explained its limitations regarding memory and did not provide the specific information requested.",anthropic,9,100
conv-078,baseline,True,18684.55,1254.4755000002988,False,18 December 1984,"The assistant claims it doesn't have any previous messages about the anniversary date, which contradicts the fact that the date '18 December 1984' was mentioned earlier in the conversation. Therefore, the assistant failed to recall the specific fact.",anthropic,7,100
conv-060,baseline,True,19097.17,1302.3680999999742,False,52,"The assistant did not recall or mention the expected fact, which is the employee ID '52'. Instead, it explained its limitations in accessing personal information and provided general advice on how to find an employee ID. The expected fact was not incorporated into the response.",anthropic,7,100
conv-047,baseline,True,18885.26,1098.6986000002798,False,Plexarase,"The assistant explicitly states that it does not have memory of past conversations and therefore cannot recall the name of the magical mineral, Plexarase. It does not provide the expected fact, which is necessary for the fact to be considered preserved.",anthropic,11,100
conv-048,treatment,True,2317.85,942.3197000000059,True,Tova Kowalski,Exact substring match for the fact 'Tova Kowalski' found.,anthropic,11,100
conv-003,treatment,True,2488.62,839.0400999997755,True,Moxilar,Exact substring match for the fact 'Moxilar' found.,anthropic,9,100
conv-054,treatment,True,2178.22,1112.8080000000969,True,8886,Exact substring match for the fact '8886' found.,anthropic,9,100
conv-088,treatment,True,1988.75,1276.6698999998698,True,Orvaneis,Exact substring match for the fact 'Orvaneis' found.,anthropic,9,100
conv-052,treatment,True,2194.57,1114.2462000003648,True,MO5BXX,Exact substring match for the fact 'MO5BXX' found.,anthropic,7,100
conv-022,treatment,True,2245.02,1103.4332000002219,True,"June 13, 1999","Exact substring match for the fact 'June 13, 1999' found.",anthropic,11,100
conv-027,treatment,True,2361.48,989.7814000001122,True,Gitflow with squash merges,Exact substring match for the fact 'Gitflow with squash merges' found.,anthropic,9,100
conv-046,treatment,True,2197.82,1139.9912000000327,True,Haskell,Exact substring match for the fact 'Haskell' found.,anthropic,7,100
conv-030,treatment,True,2154.44,1192.5727000000502,True,3 October 2014,Exact substring match for the fact '3 October 2014' found.,anthropic,11,100
conv-045,treatment,True,2321.28,1035.780100000126,True,Phalixar,Exact substring match for the fact 'Phalixar' found.,anthropic,11,100
conv-087,treatment,True,2179.12,1147.9827999999206,True,1996-04-22,Exact substring match for the fact '1996-04-22' found.,anthropic,11,100
conv-090,treatment,True,2115.06,1216.9322000000589,True,Elara Petrov,Exact substring match for the fact 'Elara Petrov' found.,anthropic,11,100
conv-012,treatment,True,2654.35,762.9834000001888,True,Evren Vasquez,Exact substring match for the fact 'Evren Vasquez' found.,anthropic,7,100
conv-037,treatment,True,2398.34,994.7688999997881,True,rowing intervals,Exact substring match for the fact 'rowing intervals' found.,anthropic,11,100
conv-028,treatment,True,2438.2,973.2094999999908,True,cyberpunk,Exact substring match for the fact 'cyberpunk' found.,anthropic,7,100
conv-020,treatment,True,2470.62,966.9807999999275,True,Cassiel Achterberg,Exact substring match for the fact 'Cassiel Achterberg' found.,anthropic,11,100
conv-002,treatment,True,2525.87,930.8992999999055,True,chartreuse,Exact substring match for the fact 'chartreuse' found.,anthropic,7,100
conv-025,treatment,True,2487.84,965.856800000216,True,solarpunk,Exact substring match for the fact 'solarpunk' found.,anthropic,11,100
conv-011,treatment,True,2599.32,887.2251999999094,True,Mirren Whitmore,Exact substring match for the fact 'Mirren Whitmore' found.,anthropic,9,100
conv-078,treatment,True,2336.53,1091.833099999842,True,18 December 1984,Exact substring match for the fact '18 December 1984' found.,anthropic,7,100
conv-008,treatment,True,2649.12,855.2168999999985,True,Quorbol,Exact substring match for the fact 'Quorbol' found.,anthropic,9,100
conv-062,treatment,True,2428.17,1035.5974000000515,True,1972-04-02,Exact substring match for the fact '1972-04-02' found.,anthropic,11,100
conv-099,treatment,True,2235.86,1194.6122000001674,True,"March 19, 1998","Exact substring match for the fact 'March 19, 1998' found.",anthropic,7,100
conv-033,treatment,True,2360.83,1143.1121999999832,True,11 November 1979,Exact substring match for the fact '11 November 1979' found.,anthropic,9,100
conv-019,treatment,True,2616.45,928.220100000076,True,Lapce,Exact substring match for the fact 'Lapce' found.,anthropic,11,100
conv-049,treatment,True,2404.49,1120.1727000001356,True,coastal,Exact substring match for the fact 'coastal' found.,anthropic,11,100
conv-091,treatment,True,2337.58,1151.4991000002537,True,28 November 1996,Exact substring match for the fact '28 November 1996' found.,anthropic,9,100
conv-093,treatment,True,2299.35,1213.9027999999184,True,Plexarine,Exact substring match for the fact 'Plexarine' found.,anthropic,7,100
conv-067,treatment,True,2500.75,1056.7361000000055,True,Phalixus,Exact substring match for the fact 'Phalixus' found.,anthropic,11,100
conv-001,treatment,True,2752.36,873.1023999998329,True,Thai,Exact substring match for the fact 'Thai' found.,anthropic,11,100
conv-053,treatment,True,2579.87,1001.8546999999953,True,919-2790,Exact substring match for the fact '919-2790' found.,anthropic,9,100
conv-007,treatment,True,2879.92,769.8920000001108,True,Yuna Delacroix,Exact substring match for the fact 'Yuna Delacroix' found.,anthropic,7,100
conv-098,treatment,True,2548.84,1021.6757000002144,True,"November 27, 2007","Exact substring match for the fact 'November 27, 2007' found.",anthropic,11,100
conv-056,treatment,True,2535.61,1108.7695999998655,True,Plexarase,Exact substring match for the fact 'Plexarase' found.,anthropic,11,100
conv-057,treatment,True,2411.08,1240.9032999997562,True,"January 21, 1966","Exact substring match for the fact 'January 21, 1966' found.",anthropic,11,100
conv-100,treatment,True,2607.27,1000.279900000322,True,Zephyr Hartmann,Exact substring match for the fact 'Zephyr Hartmann' found.,anthropic,7,100
conv-092,treatment,True,2418.8,1214.919700000256,True,Amara Castellano,Exact substring match for the fact 'Amara Castellano' found.,anthropic,7,100
conv-074,treatment,True,2450.37,1206.876700000087,True,Plexarix,Exact substring match for the fact 'Plexarix' found.,anthropic,9,100
conv-013,treatment,True,2813.82,922.042999999881,True,Alaric Osei,Exact substring match for the fact 'Alaric Osei' found.,anthropic,11,100
conv-060,treatment,True,2547.53,1143.1129999999089,True,52,Exact substring match for the fact '52' found.,anthropic,7,100
conv-017,treatment,True,2601.84,1134.0666999997593,False,WNNHJ7,Proxy or provider error occurred during failover.,anthropic,7,100
conv-044,treatment,True,2626.25,1134.8663999999917,True,9XPSEI,Exact substring match for the fact '9XPSEI' found.,anthropic,9,100
conv-058,treatment,True,2509.75,1270.555700000099,True,Stellan Taniguchi,Exact substring match for the fact 'Stellan Taniguchi' found.,anthropic,7,100
conv-016,treatment,True,2945.45,891.4529000000412,True,"May 3, 1994","Exact substring match for the fact 'May 3, 1994' found.",anthropic,9,100
conv-072,treatment,True,2583.76,1220.1991000001562,True,"August 20, 1977","Exact substring match for the fact 'August 20, 1977' found.",anthropic,7,100
conv-063,treatment,True,2758.15,1078.2508999997167,True,Zeltrixil,Exact substring match for the fact 'Zeltrixil' found.,anthropic,9,100
conv-015,treatment,True,2860.18,1071.6959999996475,True,Anouk Okonkwo,Exact substring match for the fact 'Anouk Okonkwo' found.,anthropic,7,100
conv-032,treatment,True,2751.27,1193.0491999998817,True,1979-11-24,Exact substring match for the fact '1979-11-24' found.,anthropic,11,100
conv-041,treatment,True,2901.21,1067.6948000000184,True,383.15,Exact substring match for the fact '383.15' found.,anthropic,9,100
conv-026,treatment,True,3162.43,865.2324000002814,True,214.79,Exact substring match for the fact '214.79' found.,anthropic,7,100
conv-050,treatment,True,3117.49,940.7021000002696,True,Phalixil,Exact substring match for the fact 'Phalixil' found.,anthropic,9,100
conv-051,treatment,True,2897.64,1199.9040000001983,True,"August 26, 2017","Exact substring match for the fact 'August 26, 2017' found.",anthropic,9,100
conv-061,treatment,True,3246.13,865.3941000002242,True,"May 14, 2027","Exact substring match for the fact 'May 14, 2027' found.",anthropic,9,100
conv-097,treatment,True,3076.79,1025.6864999997388,True,Zephyr Volkov,Exact substring match for the fact 'Zephyr Volkov' found.,anthropic,9,100
conv-005,treatment,True,3465.7,752.4129000000512,True,Yuna Kowalski,Exact substring match for the fact 'Yuna Kowalski' found.,anthropic,7,100
conv-040,treatment,True,3363.62,839.3931999999868,True,96,Exact substring match for the fact '96' found.,anthropic,7,100
conv-018,treatment,True,3398.79,840.9631999999956,True,Gothic horror,Exact substring match for the fact 'Gothic horror' found.,anthropic,9,100
conv-031,treatment,True,3252.45,977.1854000000067,True,Caelum Kimathi,Exact substring match for the fact 'Caelum Kimathi' found.,anthropic,11,100
conv-079,treatment,True,3312.77,899.4737999996692,True,Nexiumine,Exact substring match for the fact 'Nexiumine' found.,anthropic,7,100
conv-086,treatment,True,3337.91,872.8836999996129,True,Gorlixix,Exact substring match for the fact 'Gorlixix' found.,anthropic,11,100
conv-023,treatment,True,3447.36,838.9620999997792,True,21 April 2028,Exact substring match for the fact '21 April 2028' found.,anthropic,7,100
conv-080,treatment,True,4650.82,1007.6841999996977,True,Syndexium,Exact substring match for the fact 'Syndexium' found.,anthropic,9,100
conv-036,treatment,True,4872.64,851.8491000000276,True,Isadora Fontaine,Exact substring match for the fact 'Isadora Fontaine' found.,anthropic,9,100
conv-095,treatment,True,4577.32,1096.3425999997162,True,487,Exact substring match for the fact '487' found.,anthropic,9,100
conv-081,treatment,True,4800.36,904.1613000001244,True,145-1058,Exact substring match for the fact '145-1058' found.,anthropic,9,100
conv-034,treatment,True,4845.26,915.3182999999062,True,AZZ81S,Exact substring match for the fact 'AZZ81S' found.,anthropic,11,100
conv-042,treatment,True,4885.86,873.8936999996922,True,83.40,Exact substring match for the fact '83.40' found.,anthropic,11,100
conv-039,treatment,True,4653.08,1212.7977999999075,True,1049,Exact substring match for the fact '1049' found.,anthropic,7,100
conv-035,treatment,True,4926.3,949.381600000007,True,"November 17, 1990","Exact substring match for the fact 'November 17, 1990' found.",anthropic,9,100
conv-101,treatment,True,2225.41,385.7019000001965,True,zone-2 cycling,Exact substring match for the fact 'zone-2 cycling' found.,anthropic,9,100
conv-102,treatment,True,2204.23,384.3347999998582,True,Amara Nyström,Exact substring match for the fact 'Amara Nyström' found.,anthropic,9,100
conv-077,treatment,True,4728.56,1124.7247999999827,True,4433,Exact substring match for the fact '4433' found.,anthropic,9,100
conv-059,treatment,True,4920.77,954.9241000001457,True,Cephlonium,Exact substring match for the fact 'Cephlonium' found.,anthropic,7,100
conv-068,treatment,True,4945.31,928.2319999998153,True,22 July 2031,Exact substring match for the fact '22 July 2031' found.,anthropic,11,100
conv-089,treatment,True,5018.42,965.1041999999197,True,Plexarol,Exact substring match for the fact 'Plexarol' found.,anthropic,9,100
conv-103,treatment,True,3378.44,349.5520000000856,True,oat-milk cortado,Exact substring match for the fact 'oat-milk cortado' found.,anthropic,11,100
conv-105,treatment,True,3382.45,405.8255000000545,True,ship/show/ask,Exact substring match for the fact 'ship/show/ask' found.,anthropic,7,100
conv-145,treatment,True,2978.5,334.9941999996954,True,Calla Okonkwo,Exact substring match for the fact 'Calla Okonkwo' found.,anthropic,9,100
conv-146,treatment,True,2982.86,320.943499999958,True,18 December 1971,Exact substring match for the fact '18 December 1971' found.,anthropic,9,100
conv-147,treatment,True,3137.87,315.32389999986026,True,"November 2, 1968","Exact substring match for the fact 'November 2, 1968' found.",anthropic,9,100
conv-109,treatment,True,3679.99,420.20039999997425,True,2002-06-13,Exact substring match for the fact '2002-06-13' found.,anthropic,9,100
conv-107,treatment,True,3759.63,427.76030000006085,True,Bastian Castellano,Exact substring match for the fact 'Bastian Castellano' found.,anthropic,9,100
conv-106,treatment,True,3778.14,433.4600999999416,True,Bastian Achterberg,Exact substring match for the fact 'Bastian Achterberg' found.,anthropic,9,100
conv-114,treatment,True,3901.86,435.91240000017615,True,Helix,Exact substring match for the fact 'Helix' found.,anthropic,9,100
conv-117,treatment,True,4389.51,423.71310000041376,True,3362,Exact substring match for the fact '3362' found.,anthropic,11,100
conv-113,treatment,True,4415.31,444.3887999999324,True,2021-08-15,Exact substring match for the fact '2021-08-15' found.,anthropic,11,100
conv-118,treatment,True,4499.06,439.466100000217,True,34,Exact substring match for the fact '34' found.,anthropic,9,100
conv-119,treatment,True,4618.0,433.627599999847,True,1989-08-14,Exact substring match for the fact '1989-08-14' found.,anthropic,11,100
conv-133,treatment,True,4884.49,366.5054000001928,True,Idris Mensah,Exact substring match for the fact 'Idris Mensah' found.,anthropic,9,100
conv-115,treatment,True,5105.49,422.05129999993915,True,332.26,Exact substring match for the fact '332.26' found.,anthropic,9,100
conv-134,treatment,True,4924.81,362.54509999978563,True,Elixir,Exact substring match for the fact 'Elixir' found.,anthropic,7,100
conv-132,treatment,True,5010.32,385.0731000000924,True,"December 5, 1992","Exact substring match for the fact 'December 5, 1992' found.",anthropic,7,100
conv-140,treatment,True,5024.84,381.1455000000424,True,Lapce,Exact substring match for the fact 'Lapce' found.,anthropic,11,100
conv-135,treatment,True,5263.33,338.88610000007793,True,Cephlonil,Exact substring match for the fact 'Cephlonil' found.,anthropic,11,100
conv-142,treatment,True,5390.73,388.84809999998106,True,"July 19, 1968","Exact substring match for the fact 'July 19, 1968' found.",anthropic,9,100
conv-108,treatment,True,6284.69,431.84599999990587,True,literary fiction,Exact substring match for the fact 'literary fiction' found.,anthropic,9,100
conv-112,treatment,True,6343.11,427.46019999983855,True,Ronan Ashworth,Exact substring match for the fact 'Ronan Ashworth' found.,anthropic,9,100
conv-149,treatment,True,5922.28,283.24850000012793,True,YUHZ1G,Exact substring match for the fact 'YUHZ1G' found.,anthropic,7,100
conv-144,treatment,True,6049.01,325.9479000000265,True,LQM5K8,Exact substring match for the fact 'LQM5K8' found.,anthropic,7,100
conv-122,treatment,True,6305.27,417.55429999995613,True,cyberpunk,Exact substring match for the fact 'cyberpunk' found.,anthropic,9,100
conv-111,treatment,True,6430.03,437.92620000020815,True,Amara Mensah,Exact substring match for the fact 'Amara Mensah' found.,anthropic,11,100
conv-126,treatment,True,6345.44,405.5859999999111,True,cyberpunk,Exact substring match for the fact 'cyberpunk' found.,anthropic,7,100
conv-148,treatment,True,6096.95,276.98980000024403,True,Vesper Murakami,Exact substring match for the fact 'Vesper Murakami' found.,anthropic,11,100
conv-138,treatment,True,6288.89,364.10330000016165,True,coastal,Exact substring match for the fact 'coastal' found.,anthropic,11,100
conv-131,treatment,True,6447.84,380.5193000001018,True,2571,Exact substring match for the fact '2571' found.,anthropic,11,100
conv-104,treatment,True,6712.41,394.02280000022074,True,Gleam,Exact substring match for the fact 'Gleam' found.,anthropic,7,100
conv-125,treatment,True,6509.97,414.76410000002306,True,Thais Nyström,Exact substring match for the fact 'Thais Nyström' found.,anthropic,11,100
conv-124,treatment,True,6535.1,414.6829000001726,True,Trevianum,Exact substring match for the fact 'Trevianum' found.,anthropic,7,100
conv-150,treatment,True,6187.73,287.12060000008205,True,Emacs (Doom),Exact substring match for the fact 'Emacs (Doom)' found.,anthropic,11,100
conv-137,treatment,True,6438.97,341.94240000003356,True,Thais Osei,Exact substring match for the fact 'Thais Osei' found.,anthropic,9,100
conv-110,treatment,True,6911.09,425.6758000001937,True,Rynolos,Exact substring match for the fact 'Rynolos' found.,anthropic,11,100
conv-141,treatment,True,6611.88,369.4318000001849,True,zone-2 cycling,Exact substring match for the fact 'zone-2 cycling' found.,anthropic,11,100
conv-130,treatment,True,6752.47,377.59309999991547,True,Syndexan,Exact substring match for the fact 'Syndexan' found.,anthropic,11,100
conv-009,treatment,True,10192.74,609.7406000003084,True,Cassiel Murakami,Exact substring match for the fact 'Cassiel Murakami' found.,anthropic,9,100
conv-070,treatment,True,9768.18,989.9243000000133,True,cold-brew concentrate,Exact substring match for the fact 'cold-brew concentrate' found.,anthropic,7,100
conv-139,treatment,True,6735.11,373.62050000009276,True,16 July 1968,Exact substring match for the fact '16 July 1968' found.,anthropic,9,100
conv-082,treatment,True,9928.22,914.2230000000036,True,Orla Kimathi,Exact substring match for the fact 'Orla Kimathi' found.,anthropic,9,100
conv-136,treatment,True,6937.44,335.7072999998918,True,Blivionite,Exact substring match for the fact 'Blivionite' found.,anthropic,7,100
conv-127,treatment,True,7107.68,399.1977000001316,True,28 December 2025,Exact substring match for the fact '28 December 2025' found.,anthropic,9,100
conv-128,treatment,True,7655.69,401.6896999997289,True,884-9540,Exact substring match for the fact '884-9540' found.,anthropic,7,100
conv-120,treatment,True,8003.82,428.9262999999628,True,Cephlonyl,Exact substring match for the fact 'Cephlonyl' found.,anthropic,9,100
conv-121,treatment,True,9497.0,412.2762000000221,True,Moxilis,Exact substring match for the fact 'Moxilis' found.,anthropic,11,100
conv-143,treatment,True,9252.38,344.964299999805,True,Torquexol,Exact substring match for the fact 'Torquexol' found.,anthropic,7,100
conv-006,treatment,True,12782.95,637.2904999996354,True,100.22,Exact substring match for the fact '100.22' found.,anthropic,11,100
conv-129,treatment,True,9434.08,388.71920000019054,True,550-2269,Exact substring match for the fact '550-2269' found.,anthropic,7,100
conv-021,treatment,True,13035.78,826.4576999996953,True,Nexiumium,Exact substring match for the fact 'Nexiumium' found.,anthropic,9,100
conv-043,treatment,True,13817.96,1073.3531999997867,True,8935,Exact substring match for the fact '8935' found.,anthropic,11,100
conv-075,treatment,True,13869.05,1081.3467000000564,True,Torquexar,Exact substring match for the fact 'Torquexar' found.,anthropic,9,100
conv-073,treatment,True,14072.21,922.1908000002222,True,133.34,Exact substring match for the fact '133.34' found.,anthropic,9,100
conv-038,treatment,True,14468.3,1022.9245000000446,True,17,Exact substring match for the fact '17' found.,anthropic,9,100
conv-065,treatment,True,14698.05,1119.550200000016,True,1222,Exact substring match for the fact '1222' found.,anthropic,7,100
conv-064,treatment,True,15357.99,958.7163000000783,True,Gleam,Exact substring match for the fact 'Gleam' found.,anthropic,9,100
conv-024,treatment,True,16711.03,819.1725000000879,True,pour-over Ethiopian Yirgacheffe,Exact substring match for the fact 'pour-over Ethiopian Yirgacheffe' found.,anthropic,7,100
conv-004,treatment,True,17132.88,762.9462999999523,True,Zeltrixite,Exact substring match for the fact 'Zeltrixite' found.,anthropic,7,100
conv-055,treatment,True,17267.58,1051.9572999998636,True,Stellan Petrov,Exact substring match for the fact 'Stellan Petrov' found.,anthropic,11,100
conv-010,treatment,True,17706.3,713.7062999998416,True,Ethiopian,Exact substring match for the fact 'Ethiopian' found.,anthropic,9,100
conv-094,treatment,True,17417.21,919.7663999999131,True,Vietnamese egg coffee,Exact substring match for the fact 'Vietnamese egg coffee' found.,anthropic,7,100
conv-083,treatment,True,17257.32,1121.4914999997563,True,Isadora Mbeki,Exact substring match for the fact 'Isadora Mbeki' found.,anthropic,9,100
conv-066,treatment,True,17556.01,881.6594000002333,True,Plexaros,Exact substring match for the fact 'Plexaros' found.,anthropic,9,100
conv-076,treatment,True,17319.32,1114.9132999999601,True,literary fiction,Exact substring match for the fact 'literary fiction' found.,anthropic,7,100
conv-014,treatment,True,17785.72,753.4266999999454,True,442.84,Exact substring match for the fact '442.84' found.,anthropic,11,100
conv-069,treatment,True,17362.77,1133.9908000001742,True,Bastian Mbeki,Exact substring match for the fact 'Bastian Mbeki' found.,anthropic,9,100
conv-029,treatment,True,17525.7,1091.1706999997077,True,"January 28, 1979","Exact substring match for the fact 'January 28, 1979' found.",anthropic,9,100
conv-085,treatment,True,17607.56,1074.4827999996342,True,18 October 1983,Exact substring match for the fact '18 October 1983' found.,anthropic,11,100
conv-047,treatment,True,18705.81,910.3074000003471,True,Plexarase,Exact substring match for the fact 'Plexarase' found.,anthropic,11,100
conv-071,treatment,True,20299.35,1056.6053000000065,True,568-6180,Exact substring match for the fact '568-6180' found.,anthropic,7,100
conv-123,treatment,True,18478.52,393.90500000002066,True,Orvaneyl,Exact substring match for the fact 'Orvaneyl' found.,anthropic,7,100
conv-116,treatment,True,18569.71,465.56339999982447,True,Georgian,Exact substring match for the fact 'Georgian' found.,anthropic,7,100
conv-096,treatment,True,26493.19,1067.625300000287,True,Nexiumax,Exact substring match for the fact 'Nexiumax' found.,anthropic,11,100
conv-084,treatment,True,2083.5,1212.3420999998452,True,1984-02-03,"The assistant correctly recalled the specific fact that the sister's birthday is on February 3, 1984. The date is accurately reflected in the response, matching the Expected Fact.",anthropic,11,100
